Total Solar Panel Instances,Mean Area (m²),Std Dev of Area (m²),Min Area (m²),Max Area (m²)
29625,191.5178278649789,630.7003355500087,1.0571000000000002,12177.407600000002
